{"系统编号": 1.0, "复审正确的个数": 26, "algo1包含的预测结果数量": 6.0, "algo-1预测正确的个数": 6.0, "algo-2包含的预测结果数量": 28.0, "algo-2预测正确的个数": 24.0, "algo-1查全率": 0.23076923076923078, "algo-1查准率": 1.0, "algo-2查全率": 0.9230769230769231, "algo-2查准率": 0.8571428571428571}
{"系统编号": 2.0, "复审正确的个数": 11, "algo1包含的预测结果数量": 5.0, "algo-1预测正确的个数": 5.0, "algo-2包含的预测结果数量": 12.0, "algo-2预测正确的个数": 12.0, "algo-1查全率": 0.45454545454545453, "algo-1查准率": 1.0, "algo-2查全率": 1.0909090909090908, "algo-2查准率": 1.0}
{"系统编号": 3.0, "复审正确的个数": 12, "algo1包含的预测结果数量": 2.0, "algo-1预测正确的个数": 2.0, "algo-2包含的预测结果数量": 15.0, "algo-2预测正确的个数": 13.0, "algo-1查全率": 0.16666666666666666, "algo-1查准率": 1.0, "algo-2查全率": 1.0833333333333333, "algo-2查准率": 0.8666666666666667}
{"系统编号": 4.0, "复审正确的个数": 16, "algo1包含的预测结果数量": 2.0, "algo-1预测正确的个数": 2.0, "algo-2包含的预测结果数量": 19.0, "algo-2预测正确的个数": 17.0, "algo-1查全率": 0.125, "algo-1查准率": 1.0, "algo-2查全率": 1.0625, "algo-2查准率": 0.8947368421052632}
{"系统编号": 5.0, "复审正确的个数": 12, "algo1包含的预测结果数量": 1.0, "algo-1预测正确的个数": 1.0, "algo-2包含的预测结果数量": 13.0, "algo-2预测正确的个数": 12.0, "algo-1查全率": 0.08333333333333333, "algo-1查准率": 1.0, "algo-2查全率": 1.0, "algo-2查准率": 0.9230769230769231}
{"系统编号": 6.0, "复审正确的个数": 12, "algo1包含的预测结果数量": 3.0, "algo-1预测正确的个数": 3.0, "algo-2包含的预测结果数量": 15.0, "algo-2预测正确的个数": 12.0, "algo-1查全率": 0.25, "algo-1查准率": 1.0, "algo-2查全率": 1.0, "algo-2查准率": 0.8}
{"系统编号": 7.0, "复审正确的个数": 10, "algo1包含的预测结果数量": 2.0, "algo-1预测正确的个数": 2.0, "algo-2包含的预测结果数量": 14.0, "algo-2预测正确的个数": 12.0, "algo-1查全率": 0.2, "algo-1查准率": 1.0, "algo-2查全率": 1.2, "algo-2查准率": 0.8571428571428571}
{"系统编号": 8.0, "复审正确的个数": 13, "algo1包含的预测结果数量": 4.0, "algo-1预测正确的个数": 2.0, "algo-2包含的预测结果数量": 19.0, "algo-2预测正确的个数": 15.0, "algo-1查全率": 0.15384615384615385, "algo-1查准率": 0.5, "algo-2查全率": 1.1538461538461537, "algo-2查准率": 0.7894736842105263}
{"系统编号": 9.0, "复审正确的个数": 10, "algo1包含的预测结果数量": 1.0, "algo-1预测正确的个数": 1.0, "algo-2包含的预测结果数量": 12.0, "algo-2预测正确的个数": 10.0, "algo-1查全率": 0.1, "algo-1查准率": 1.0, "algo-2查全率": 1.0, "algo-2查准率": 0.8333333333333334}
{"系统编号": 10.0, "复审正确的个数": 10, "algo1包含的预测结果数量": 4.0, "algo-1预测正确的个数": 4.0, "algo-2包含的预测结果数量": 16.0, "algo-2预测正确的个数": 13.0, "algo-1查全率": 0.4, "algo-1查准率": 1.0, "algo-2查全率": 1.3, "algo-2查准率": 0.8125}
{"系统编号": 11.0, "复审正确的个数": 18, "algo1包含的预测结果数量": 2.0, "algo-1预测正确的个数": 2.0, "algo-2包含的预测结果数量": 21.0, "algo-2预测正确的个数": 20.0, "algo-1查全率": 0.1111111111111111, "algo-1查准率": 1.0, "algo-2查全率": 1.1111111111111112, "algo-2查准率": 0.9523809523809523}
{"系统编号": 12.0, "复审正确的个数": 23, "algo1包含的预测结果数量": 4.0, "algo-1预测正确的个数": 3.0, "algo-2包含的预测结果数量": 27.0, "algo-2预测正确的个数": 24.0, "algo-1查全率": 0.13043478260869565, "algo-1查准率": 0.75, "algo-2查全率": 1.0434782608695652, "algo-2查准率": 0.8888888888888888}
{"系统编号": 13.0, "复审正确的个数": 9, "algo1包含的预测结果数量": 0, "algo-1预测正确的个数": 0, "algo-2包含的预测结果数量": 15.0, "algo-2预测正确的个数": 12.0, "algo-1查全率": 0.0, "algo-1查准率": 1, "algo-2查全率": 1.3333333333333333, "algo-2查准率": 0.8}
{"系统编号": 14.0, "复审正确的个数": 20, "algo1包含的预测结果数量": 14.0, "algo-1预测正确的个数": 13.0, "algo-2包含的预测结果数量": 22.0, "algo-2预测正确的个数": 18.0, "algo-1查全率": 0.65, "algo-1查准率": 0.9285714285714286, "algo-2查全率": 0.9, "algo-2查准率": 0.8181818181818182}
{"系统编号": 15.0, "复审正确的个数": 24, "algo1包含的预测结果数量": 18.0, "algo-1预测正确的个数": 14.0, "algo-2包含的预测结果数量": 31.0, "algo-2预测正确的个数": 26.0, "algo-1查全率": 0.5833333333333334, "algo-1查准率": 0.7777777777777778, "algo-2查全率": 1.0833333333333333, "algo-2查准率": 0.8387096774193549}
{"系统编号": 16.0, "复审正确的个数": 26, "algo1包含的预测结果数量": 14.0, "algo-1预测正确的个数": 11.0, "algo-2包含的预测结果数量": 25.0, "algo-2预测正确的个数": 21.0, "algo-1查全率": 0.4230769230769231, "algo-1查准率": 0.7857142857142857, "algo-2查全率": 0.8076923076923077, "algo-2查准率": 0.84}
{"系统编号": 17.0, "复审正确的个数": 22, "algo1包含的预测结果数量": 0, "algo-1预测正确的个数": 0, "algo-2包含的预测结果数量": 32.0, "algo-2预测正确的个数": 26.0, "algo-1查全率": 0.0, "algo-1查准率": 1, "algo-2查全率": 1.1818181818181819, "algo-2查准率": 0.8125}
{"系统编号": 18.0, "复审正确的个数": 18, "algo1包含的预测结果数量": 2.0, "algo-1预测正确的个数": 2.0, "algo-2包含的预测结果数量": 21.0, "algo-2预测正确的个数": 18.0, "algo-1查全率": 0.1111111111111111, "algo-1查准率": 1.0, "algo-2查全率": 1.0, "algo-2查准率": 0.8571428571428571}
{"系统编号": 19.0, "复审正确的个数": 13, "algo1包含的预测结果数量": 6.0, "algo-1预测正确的个数": 5.0, "algo-2包含的预测结果数量": 14.0, "algo-2预测正确的个数": 11.0, "algo-1查全率": 0.38461538461538464, "algo-1查准率": 0.8333333333333334, "algo-2查全率": 0.8461538461538461, "algo-2查准率": 0.7857142857142857}
{"系统编号": 20.0, "复审正确的个数": 12, "algo1包含的预测结果数量": 4.0, "algo-1预测正确的个数": 4.0, "algo-2包含的预测结果数量": 15.0, "algo-2预测正确的个数": 8.0, "algo-1查全率": 0.3333333333333333, "algo-1查准率": 1.0, "algo-2查全率": 0.6666666666666666, "algo-2查准率": 0.5333333333333333}
{"系统编号": 21.0, "复审正确的个数": 22, "algo1包含的预测结果数量": 6.0, "algo-1预测正确的个数": 6.0, "algo-2包含的预测结果数量": 31.0, "algo-2预测正确的个数": 21.0, "algo-1查全率": 0.2727272727272727, "algo-1查准率": 1.0, "algo-2查全率": 0.9545454545454546, "algo-2查准率": 0.6774193548387096}
{"系统编号": 22.0, "复审正确的个数": 6, "algo1包含的预测结果数量": 2.0, "algo-1预测正确的个数": 2.0, "algo-2包含的预测结果数量": 8.0, "algo-2预测正确的个数": 7.0, "algo-1查全率": 0.3333333333333333, "algo-1查准率": 1.0, "algo-2查全率": 1.1666666666666667, "algo-2查准率": 0.875}
{"系统编号": 23.0, "复审正确的个数": 11, "algo1包含的预测结果数量": 0, "algo-1预测正确的个数": 0, "algo-2包含的预测结果数量": 11.0, "algo-2预测正确的个数": 11.0, "algo-1查全率": 0.0, "algo-1查准率": 1, "algo-2查全率": 1.0, "algo-2查准率": 1.0}
{"系统编号": 24.0, "复审正确的个数": 16, "algo1包含的预测结果数量": 3.0, "algo-1预测正确的个数": 2.0, "algo-2包含的预测结果数量": 22.0, "algo-2预测正确的个数": 20.0, "algo-1查全率": 0.125, "algo-1查准率": 0.6666666666666666, "algo-2查全率": 1.25, "algo-2查准率": 0.9090909090909091}
{"系统编号": 25.0, "复审正确的个数": 6, "algo1包含的预测结果数量": 0, "algo-1预测正确的个数": 0, "algo-2包含的预测结果数量": 7.0, "algo-2预测正确的个数": 6.0, "algo-1查全率": 0.0, "algo-1查准率": 1, "algo-2查全率": 1.0, "algo-2查准率": 0.8571428571428571}
{"系统编号": 26.0, "复审正确的个数": 8, "algo1包含的预测结果数量": 0, "algo-1预测正确的个数": 0, "algo-2包含的预测结果数量": 8.0, "algo-2预测正确的个数": 8.0, "algo-1查全率": 0.0, "algo-1查准率": 1, "algo-2查全率": 1.0, "algo-2查准率": 1.0}
{"系统编号": 27.0, "复审正确的个数": 26, "algo1包含的预测结果数量": 13.0, "algo-1预测正确的个数": 10.0, "algo-2包含的预测结果数量": 33.0, "algo-2预测正确的个数": 25.0, "algo-1查全率": 0.38461538461538464, "algo-1查准率": 0.7692307692307693, "algo-2查全率": 0.9615384615384616, "algo-2查准率": 0.7575757575757576}
{"系统编号": 28.0, "复审正确的个数": 22, "algo1包含的预测结果数量": 20.0, "algo-1预测正确的个数": 20.0, "algo-2包含的预测结果数量": 30.0, "algo-2预测正确的个数": 27.0, "algo-1查全率": 0.9090909090909091, "algo-1查准率": 1.0, "algo-2查全率": 1.2272727272727273, "algo-2查准率": 0.9}
{"系统编号": 29.0, "复审正确的个数": 16, "algo1包含的预测结果数量": 0, "algo-1预测正确的个数": 0, "algo-2包含的预测结果数量": 21.0, "algo-2预测正确的个数": 19.0, "algo-1查全率": 0.0, "algo-1查准率": 1, "algo-2查全率": 1.1875, "algo-2查准率": 0.9047619047619048}
{"系统编号": 30.0, "复审正确的个数": 12, "algo1包含的预测结果数量": 0, "algo-1预测正确的个数": 0, "algo-2包含的预测结果数量": 18.0, "algo-2预测正确的个数": 13.0, "algo-1查全率": 0.0, "algo-1查准率": 1, "algo-2查全率": 1.0833333333333333, "algo-2查准率": 0.7222222222222222}
{"系统编号": 31.0, "复审正确的个数": 35, "algo1包含的预测结果数量": 15.0, "algo-1预测正确的个数": 14.0, "algo-2包含的预测结果数量": 34.0, "algo-2预测正确的个数": 30.0, "algo-1查全率": 0.4, "algo-1查准率": 0.9333333333333333, "algo-2查全率": 0.8571428571428571, "algo-2查准率": 0.8823529411764706}
{"系统编号": 32.0, "复审正确的个数": 30, "algo1包含的预测结果数量": 17.0, "algo-1预测正确的个数": 17.0, "algo-2包含的预测结果数量": 31.0, "algo-2预测正确的个数": 28.0, "algo-1查全率": 0.5666666666666667, "algo-1查准率": 1.0, "algo-2查全率": 0.9333333333333333, "algo-2查准率": 0.9032258064516129}
{"系统编号": 33.0, "复审正确的个数": 25, "algo1包含的预测结果数量": 19.0, "algo-1预测正确的个数": 14.0, "algo-2包含的预测结果数量": 29.0, "algo-2预测正确的个数": 24.0, "algo-1查全率": 0.56, "algo-1查准率": 0.7368421052631579, "algo-2查全率": 0.96, "algo-2查准率": 0.8275862068965517}
{"系统编号": 34.0, "复审正确的个数": 39, "algo1包含的预测结果数量": 18.0, "algo-1预测正确的个数": 18.0, "algo-2包含的预测结果数量": 39.0, "algo-2预测正确的个数": 34.0, "algo-1查全率": 0.46153846153846156, "algo-1查准率": 1.0, "algo-2查全率": 0.8717948717948718, "algo-2查准率": 0.8717948717948718}
{"系统编号": 35.0, "复审正确的个数": 29, "algo1包含的预测结果数量": 17.0, "algo-1预测正确的个数": 16.0, "algo-2包含的预测结果数量": 39.0, "algo-2预测正确的个数": 32.0, "algo-1查全率": 0.5517241379310345, "algo-1查准率": 0.9411764705882353, "algo-2查全率": 1.103448275862069, "algo-2查准率": 0.8205128205128205}
{"系统编号": 36.0, "复审正确的个数": 26, "algo1包含的预测结果数量": 23.0,